"","x"
"SL204951.genes.results",1
"SL204955.genes.results",1
"SL204959.genes.results",1
"SL204960.genes.results",0
"SL204966.genes.results",0
"SL204967.genes.results",1
"SL204968.genes.results",1
"SL218335.genes.results",0
"SL218336.genes.results",0
"SL218346.genes.results",1
"SL218347.genes.results",1
"SL218349.genes.results",1
"SL218350.genes.results",0
"SL218351.genes.results",0
"SL242312.genes.results",0
"SL242313.genes.results",0
"SL242314.genes.results",0
"SL242315.genes.results",0
"SL242318.genes.results",1
"SL242320.genes.results",0
"SL242328.genes.results",1
"SL242329.genes.results",1
"SL242330.genes.results",0
"SL242332.genes.results",0
"SL242338.genes.results",1
"SL242339.genes.results",0
"SL242341.genes.results",1
"SL242346.genes.results",1
"SL242347.genes.results",1
"SL242349.genes.results",1
"SL242351.genes.results",1
"SL242352.genes.results",0
"SL242353.genes.results",0
"SL242356.genes.results",0
"SL242361.genes.results",1
"SL242362.genes.results",0
"SL242365.genes.results",0
"SL242366.genes.results",0
"SL242367.genes.results",1
"SL242368.genes.results",1
"SL242376.genes.results",1
"SL242377.genes.results",1
"SL242378.genes.results",1
"SL242379.genes.results",1
"SL242380.genes.results",1
"SL242386.genes.results",0
"SL242387.genes.results",1
"SL242388.genes.results",1
"SL242389.genes.results",1
"SL242390.genes.results",0
"SL242391.genes.results",0
"SL242392.genes.results",0
"SL242404.genes.results",0
"SL242405.genes.results",0
"SL242406.genes.results",1
"SL242407.genes.results",0
"SL242408.genes.results",0
"SL242409.genes.results",0
"SL242411.genes.results",0
"SL242413.genes.results",0
"SL242417.genes.results",1
"SL242418.genes.results",0
"SL242419.genes.results",0
"SL242422.genes.results",1
"SL242423.genes.results",0
"SL242428.genes.results",1
"SL242430.genes.results",0
"SL242432.genes.results",0
"SL242434.genes.results",0
"SL242436.genes.results",0
"SL242437.genes.results",0
"SL242439.genes.results",0
"SL242441.genes.results",0
"SL242442.genes.results",0
"SL242443.genes.results",0
"SL242444.genes.results",0
"SL242445.genes.results",0
"SL242447.genes.results",0
"SL242448.genes.results",0
"SL242449.genes.results",0
"SL242450.genes.results",1
"SL242452.genes.results",0
"SL242454.genes.results",0
"SL242455.genes.results",1
"SL242456.genes.results",0
"SL242458.genes.results",0
"SL242460.genes.results",1
"SL242461.genes.results",1
"SL242462.genes.results",0
"SL242466.genes.results",0
"SL242467.genes.results",0
"SL242468.genes.results",0
"SL242471.genes.results",0
"SL242473.genes.results",0
"SL242476.genes.results",1
"SL242477.genes.results",0
"SL242478.genes.results",0
"SL242482.genes.results",1
"SL242484.genes.results",0
"SL242485.genes.results",1
"SL242486.genes.results",1
"SL242488.genes.results",0
"SL242490.genes.results",0
"SL242492.genes.results",1
"SL242494.genes.results",0
"SL242498.genes.results",0
"SL242500.genes.results",1
"SL243549.genes.results",1
"SL243550.genes.results",0
"SL243551.genes.results",0
"SL243553.genes.results",1
"SL243558.genes.results",0
"SL243561.genes.results",1
"SL243562.genes.results",0
"SL243563.genes.results",0
"SL243564.genes.results",1
"SL243565.genes.results",1
"SL243567.genes.results",1
"SL243568.genes.results",0
"SL243569.genes.results",0
"SL243570.genes.results",0
"SL243571.genes.results",0
"SL243572.genes.results",1
"SL243573.genes.results",0
"SL243574.genes.results",1
"SL243575.genes.results",1
"SL243577.genes.results",0
"SL243578.genes.results",1
"SL243579.genes.results",0
"SL243580.genes.results",0
"SL243581.genes.results",0
"SL243584.genes.results",1
"SL243585.genes.results",0
"SL243586.genes.results",1
"SL243587.genes.results",0
"SL243588.genes.results",0
"SL243589.genes.results",1
"SL243590.genes.results",1
"SL243591.genes.results",1
"SL243593.genes.results",0
"SL243595.genes.results",0
"SL243596.genes.results",1
"SL243597.genes.results",1
"SL243598.genes.results",0
"SL243600.genes.results",1
"SL243602.genes.results",0
"SL243607.genes.results",0
"SL243608.genes.results",1
"SL243610.genes.results",1
"SL243612.genes.results",0
"SL243613.genes.results",0
"SL243617.genes.results",0
"SL243621.genes.results",0
"SL243622.genes.results",1
"SL243623.genes.results",1
"SL243625.genes.results",1
"SL243626.genes.results",0
"SL243630.genes.results",1
"SL243633.genes.results",0
"SL243634.genes.results",0
"SL243635.genes.results",0
"SL243640.genes.results",0
"SL243641.genes.results",0
"SL243645.genes.results",1
"SL243648.genes.results",0
"SL243651.genes.results",0
"SL243655.genes.results",0
"SL243664.genes.results",0
"SL243665.genes.results",0
"SL243666.genes.results",0
"SL243668.genes.results",1
"SL243727.genes.results",1
"SL243728.genes.results",1
"SL250128.genes.results",0
"SL250133.genes.results",1
"SL250134.genes.results",1
"SL250135.genes.results",1
"SL250136.genes.results",0
"SL250140.genes.results",0
"SL250147.genes.results",0
"SL250150.genes.results",0
"SL250152.genes.results",1
"SL250153.genes.results",0
"SL250174.genes.results",1
"SL250175.genes.results",1
"SL250185.genes.results",0
"SL250192.genes.results",1
"SL250199.genes.results",0
"SL251068.genes.results",0
"SL251069.genes.results",0
"SL251070.genes.results",0
"SL251071.genes.results",0
"SL251072.genes.results",0
"SL251078.genes.results",0
"SL251080.genes.results",0
"SL251081.genes.results",0
"SL251088.genes.results",0
"SL251089.genes.results",1
"SL251090.genes.results",0
"SL251093.genes.results",0
"SL251094.genes.results",0
"SL251095.genes.results",0
"SL251096.genes.results",0
"SL251102.genes.results",1
"SL251103.genes.results",0
"SL251104.genes.results",0
"SL251105.genes.results",0
"SL251106.genes.results",0
"SL251107.genes.results",0
"SL251108.genes.results",0
"SL251110.genes.results",0
"SL251111.genes.results",0
"SL251112.genes.results",0
"SL251115.genes.results",0
"SL251116.genes.results",0
"SL251117.genes.results",0
"SL251118.genes.results",0
"SL251119.genes.results",0
"SL251120.genes.results",0
"SL251121.genes.results",0
"SL251122.genes.results",0
"SL251123.genes.results",0
"SL251124.genes.results",0
"SL251125.genes.results",0
"SL251127.genes.results",0
"SL251128.genes.results",1
"SL251129.genes.results",0
"SL251131.genes.results",1
"SL251132.genes.results",0
"SL251133.genes.results",1
"SL251134.genes.results",0
"SL251135.genes.results",0
"SL251136.genes.results",0
"SL251137.genes.results",0
"SL251138.genes.results",1
"SL251139.genes.results",0
"SL251140.genes.results",0
"SL251141.genes.results",0
"SL251142.genes.results",0
"SL251143.genes.results",0
"SL251144.genes.results",1
"SL251145.genes.results",0
"SL251146.genes.results",0
"SL251147.genes.results",0
"SL251149.genes.results",0
"SL251150.genes.results",0
"SL251151.genes.results",0
"SL251152.genes.results",1
"SL251153.genes.results",1
"SL251154.genes.results",0
"SL251155.genes.results",1
"SL251156.genes.results",1
"SL251157.genes.results",0
"SL251158.genes.results",0
"SL251159.genes.results",1
"SL251160.genes.results",0
"SL252348.genes.results",0
"SL252349.genes.results",0
"SL252359.genes.results",0
"SL252360.genes.results",0
"SL252361.genes.results",0
"SL252362.genes.results",1
"SL252363.genes.results",0
"SL252374.genes.results",0
"SL252375.genes.results",0
"SL252386.genes.results",0
"SL252387.genes.results",1
"SL252397.genes.results",0
"SL252398.genes.results",1
"SL252411.genes.results",0
"SL252434.genes.results",0
"SL252435.genes.results",0
"SL252526.genes.results",1
"SL252527.genes.results",1
"SL252575.genes.results",0
"SL252577.genes.results",1
"SL252578.genes.results",0
"SL252579.genes.results",0
"SL252583.genes.results",0
"SL252585.genes.results",0
"SL252844.genes.results",0
"SL252846.genes.results",0
"SL252848.genes.results",0
"SL252849.genes.results",0
"SL252855.genes.results",1
"SL252856.genes.results",0
"SL252857.genes.results",0
"SL252858.genes.results",0
"SL252861.genes.results",0
"SL252871.genes.results",0
"SL252873.genes.results",0
"SL252876.genes.results",0
"SL252885.genes.results",0
"SL253565.genes.results",0
"SL253567.genes.results",0
"SL253580.genes.results",0
"SL253586.genes.results",0
"SL253588.genes.results",1
"SL253603.genes.results",0
"SL253604.genes.results",0
"SL254371.genes.results",0
"SL254372.genes.results",0
"SL254374.genes.results",0
"SL254375.genes.results",0
"SL254376.genes.results",0
"SL254381.genes.results",0
"SL254383.genes.results",0
"SL254384.genes.results",0
"SL254385.genes.results",0
"SL254386.genes.results",0
"SL254387.genes.results",0
"SL254389.genes.results",0
"SL254390.genes.results",0
"SL254391.genes.results",0
"SL254393.genes.results",0
"SL254395.genes.results",0
"SL254397.genes.results",0
"SL254398.genes.results",0
"SL254399.genes.results",0
"SL254401.genes.results",0
"SL254404.genes.results",0
"SL254405.genes.results",0
"SL254406.genes.results",0
"SL254407.genes.results",0
"SL254410.genes.results",0
"SL254411.genes.results",0
"SL254412.genes.results",0
"SL254413.genes.results",0
"SL254415.genes.results",0
"SL254418.genes.results",0
"SL254422.genes.results",0
"SL254424.genes.results",0
"SL254425.genes.results",0
"SL255270.genes.results",0
"SL255271.genes.results",0
"SL255272.genes.results",0
"SL255273.genes.results",0
"SL255281.genes.results",0
"SL255282.genes.results",0
"SL255284.genes.results",0
"SL255286.genes.results",0
"SL255288.genes.results",0
"SL255296.genes.results",0
"SL255300.genes.results",0
"SL255303.genes.results",0
"SL255305.genes.results",0
"SL255309.genes.results",0
"SL255310.genes.results",0
"SL255312.genes.results",1
"SL255317.genes.results",0
"SL255320.genes.results",0
"SL255322.genes.results",0
"SL255323.genes.results",0
"SL255325.genes.results",0
"SL255326.genes.results",0
"SL255333.genes.results",1
"SL255334.genes.results",0
"SL255338.genes.results",0
"SL255339.genes.results",0
"SL255340.genes.results",0
"SL255342.genes.results",0
"SL255343.genes.results",0
"SL255344.genes.results",0
"SL255345.genes.results",0
"SL255346.genes.results",0
"SL255347.genes.results",0
"SL255348.genes.results",0
"SL255350.genes.results",0
"SL256482.genes.results",0
"SL256487.genes.results",0
"SL256489.genes.results",0
"SL256492.genes.results",0
"SL256494.genes.results",0
"SL256495.genes.results",0
"SL256499.genes.results",0
"SL256501.genes.results",0
"SL256506.genes.results",0
"SL256512.genes.results",0
"SL256514.genes.results",0
"SL256516.genes.results",0
"SL256517.genes.results",0
"SL256519.genes.results",0
"SL256520.genes.results",0
"SL256521.genes.results",0
"SL256524.genes.results",0
"SL256525.genes.results",0
"SL256527.genes.results",0
"SL256530.genes.results",0
"SL256532.genes.results",0
"SL256533.genes.results",0
"SL256535.genes.results",0
"SL256536.genes.results",0
"SL256553.genes.results",0
"SL256559.genes.results",0
"SL256562.genes.results",0
"SL256564.genes.results",0
"SL256567.genes.results",0
"SL256568.genes.results",0
"SL256570.genes.results",0
"SL256571.genes.results",0
"SL256579.genes.results",0
"SL256580.genes.results",0
"SL256585.genes.results",0
"SL256589.genes.results",0
"SL256590.genes.results",0
"SL256591.genes.results",0
"SL256595.genes.results",0
"SL256598.genes.results",0
"SL256600.genes.results",0
"SL256604.genes.results",0
"SL257352.genes.results",0
"SL257353.genes.results",0
"SL257356.genes.results",0
"SL257357.genes.results",0
"SL257358.genes.results",0
"SL257363.genes.results",1
"SL257366.genes.results",0
"SL257367.genes.results",0
"SL257369.genes.results",0
"SL257371.genes.results",0
"SL257373.genes.results",0
"SL257374.genes.results",0
"SL257376.genes.results",0
"SL257377.genes.results",0
"SL257378.genes.results",0
"SL257379.genes.results",0
"SL257380.genes.results",0
"SL257405.genes.results",0
"SL257408.genes.results",1
"SL257412.genes.results",1
"SL257413.genes.results",0
"SL257414.genes.results",0
"SL257415.genes.results",0
"SL257900.genes.results",0
"SL257901.genes.results",0
"SL257911.genes.results",0
"SL257914.genes.results",0
"SL257931.genes.results",0
"SL257936.genes.results",0
"SL257950.genes.results",1
"SL257951.genes.results",1
"SL257952.genes.results",1
"SL257954.genes.results",0
"SL257956.genes.results",0
"SL257971.genes.results",1
"SL257981.genes.results",0
"SL257999.genes.results",1
"SL258000.genes.results",0
"SL258027.genes.results",0
"SL258028.genes.results",0
"SL258041.genes.results",0
"SL258050.genes.results",0
"SL258053.genes.results",1
"SL258055.genes.results",0
"SL258060.genes.results",1
"SL264894.genes.results",0
"SL264896.genes.results",0
"SL264899.genes.results",0
"SL264900.genes.results",0
"SL264901.genes.results",0
"SL264902.genes.results",0
"SL264921.genes.results",0
"SL264922.genes.results",0
"SL264923.genes.results",0
"SL264925.genes.results",0
"SL264951.genes.results",0
"SL264952.genes.results",0
"SL264970.genes.results",0
"SL264972.genes.results",1
"SL264976.genes.results",0
"SL264977.genes.results",1
"SL271789.genes.results",0
"SL271792.genes.results",0
"SL271795.genes.results",0
"SL271804.genes.results",0
"SL271810.genes.results",0
"SL271818.genes.results",0
"SL271819.genes.results",0
"SL271820.genes.results",0
"SL271822.genes.results",0
"SL271824.genes.results",1
"SL271825.genes.results",0
"SL271833.genes.results",1
"SL271835.genes.results",1
"SL271836.genes.results",0
"SL271837.genes.results",0
"SL271843.genes.results",1
"SL271844.genes.results",0
"SL271853.genes.results",0
"SL271869.genes.results",0
"SL271870.genes.results",0
"SL271871.genes.results",0
"SL271872.genes.results",0
"SL271873.genes.results",0
"SL271874.genes.results",0
"SL271875.genes.results",0
"SL271876.genes.results",0
"SL271881.genes.results",0
"SL271882.genes.results",0
"SL271885.genes.results",0
"SL271887.genes.results",0
"SL271893.genes.results",0
"SL271895.genes.results",0
"SL271897.genes.results",1
"SL271899.genes.results",0
"SL271904.genes.results",1
"SL271906.genes.results",0
"SL271907.genes.results",0
"SL271909.genes.results",1
"SL271914.genes.results",0
"SL271918.genes.results",1
"SL271919.genes.results",0
"SL271920.genes.results",1
"SL271921.genes.results",0
"SL271923.genes.results",0
"SL271924.genes.results",0
"SL271928.genes.results",0
"SL271934.genes.results",0
"SL278536.genes.results",0
"SL278552.genes.results",0
"SL278598.genes.results",0
"SL278609.genes.results",1
"SL278611.genes.results",0
"SL278613.genes.results",1
"SL278614.genes.results",0
"SL278624.genes.results",1
"SL278667.genes.results",1
"SL310653.genes.results",0
"SL310654.genes.results",0
"SL310658.genes.results",0
"SL310659.genes.results",0
"SL310660.genes.results",0
"SL310661.genes.results",0
"SL310662.genes.results",0
"SL310663.genes.results",0
"SL310664.genes.results",0
"SL310665.genes.results",0
"SL310669.genes.results",1
"SL310673.genes.results",0
"SL310674.genes.results",0
"SL310675.genes.results",0
"SL310683.genes.results",0
"SL310684.genes.results",0
"SL310686.genes.results",0
"SL310687.genes.results",0
"SL310688.genes.results",0
"SL310692.genes.results",0
"SL310697.genes.results",0
"SL310698.genes.results",0
"SL310699.genes.results",0
"SL310700.genes.results",0
"SL310719.genes.results",0
"SL310720.genes.results",0
"SL310735.genes.results",0
"SL310743.genes.results",0
"SL310748.genes.results",0
"SL310749.genes.results",0
"SL310750.genes.results",0
"SL310751.genes.results",0
"SL310752.genes.results",0
"SL310757.genes.results",0
"SL310758.genes.results",0
"SL310759.genes.results",1
"SL310760.genes.results",0
"SL310761.genes.results",0
"SL310762.genes.results",1
"SL310763.genes.results",0
"SL310764.genes.results",1
"SL310765.genes.results",0
"SL310766.genes.results",0
"SL310770.genes.results",0
"SL310772.genes.results",0
"SL310778.genes.results",0
"SL310779.genes.results",0
"SL310782.genes.results",0
"SL310783.genes.results",1
"SL310786.genes.results",0
"SL310788.genes.results",0
"SL310791.genes.results",1
"SL310797.genes.results",0
"SL310798.genes.results",0
"SL310799.genes.results",0
"SL310800.genes.results",0
"SL310801.genes.results",1
"SL310802.genes.results",1
"SL310808.genes.results",0
"SL310811.genes.results",0
"SL310812.genes.results",1
"SL310813.genes.results",1
"SL310814.genes.results",0
"SL310816.genes.results",0
"SL310817.genes.results",0
"SL310818.genes.results",1
"SL310819.genes.results",0
"SL310827.genes.results",1
"SL310828.genes.results",1
"SL316590.genes.results",0
"SL316592.genes.results",0
"SL316597.genes.results",0
"SL316605.genes.results",0
"SL316645.genes.results",0
"SL316646.genes.results",1
"SL316652.genes.results",1
"SL316656.genes.results",0
"SL316669.genes.results",0
"SL316671.genes.results",0
"SL316672.genes.results",1
"SL316676.genes.results",0
"SL316680.genes.results",0
"SL316685.genes.results",0
"SL316690.genes.results",0
"SL316691.genes.results",0
"SL316694.genes.results",1
"SL316697.genes.results",1
"SL316698.genes.results",0
"SL316700.genes.results",1
"SL316702.genes.results",0
"SL316706.genes.results",0
"SL316712.genes.results",1
"SL316713.genes.results",0
"SL316725.genes.results",0
"SL316743.genes.results",0
"SL316744.genes.results",0
"SL316746.genes.results",0
"SL316755.genes.results",0
"SL316756.genes.results",0
"SL319127.genes.results",1
"SL319133.genes.results",0
"SL319134.genes.results",0
"SL319135.genes.results",0
"SL319136.genes.results",0
"SL319137.genes.results",0
"SL319159.genes.results",0
"SL319174.genes.results",0
"SL319185.genes.results",1
"SL319189.genes.results",1
"SL319191.genes.results",0
"SL319197.genes.results",0
"SL319199.genes.results",0
"SL319202.genes.results",1
"SL319486.genes.results",1
"SL319487.genes.results",1
"SL319488.genes.results",0
"SL319492.genes.results",1
"SL322849.genes.results",0
"SL322851.genes.results",0
"SL322859.genes.results",1
"SL322861.genes.results",0
"SL322868.genes.results",0
"SL322872.genes.results",0
"SL322888.genes.results",0
"SL322892.genes.results",0
"SL322943.genes.results",0
"SL322944.genes.results",0
"SL322945.genes.results",0
"SL322949.genes.results",0
"SL322951.genes.results",0
"SL322952.genes.results",0
"SL322953.genes.results",0
"SL322957.genes.results",0
"SL322958.genes.results",0
"SL322959.genes.results",0
"SL322965.genes.results",0
"SL322967.genes.results",0
"SL322979.genes.results",0
"SL322990.genes.results",0
"SL322993.genes.results",0
"SL322995.genes.results",0
"SL322999.genes.results",0
"SL323000.genes.results",0
"SL323003.genes.results",0
"SL323005.genes.results",0
"SL323007.genes.results",1
"SL323011.genes.results",0
"SL323013.genes.results",1
"SL323015.genes.results",0
"SL323017.genes.results",0
"SL323022.genes.results",1
"SL323023.genes.results",1
"SL323025.genes.results",0
"SL323026.genes.results",0
"SL323028.genes.results",0
"SL323029.genes.results",0
"SL323030.genes.results",0
"SL323031.genes.results",0
"SL323033.genes.results",0
"SL323034.genes.results",0
"SL323035.genes.results",0
"SL323036.genes.results",0
"SL323037.genes.results",0
"SL323038.genes.results",0
"SL324446.genes.results",0
"SL324447.genes.results",0
"SL324449.genes.results",0
"SL324451.genes.results",0
"SL324452.genes.results",1
"SL324453.genes.results",0
"SL324454.genes.results",1
"SL324455.genes.results",1
"SL324456.genes.results",0
"SL324457.genes.results",1
"SL324458.genes.results",1
"SL324459.genes.results",1
"SL324460.genes.results",0
"SL324469.genes.results",1
"SL324470.genes.results",1
"SL324471.genes.results",1
"SL324472.genes.results",1
"SL324473.genes.results",1
"SL324474.genes.results",1
"SL324475.genes.results",1
"SL324476.genes.results",1
"SL324477.genes.results",0
"SL324479.genes.results",1
"SL324480.genes.results",1
"SL324482.genes.results",1
"SL324483.genes.results",1
"SL324484.genes.results",1
"SL324485.genes.results",1
"SL324486.genes.results",0
"SL324487.genes.results",1
"SL324493.genes.results",1
"SL324494.genes.results",0
"SL324498.genes.results",0
"SL324500.genes.results",1
"SL324501.genes.results",1
"SL324502.genes.results",1
"SL324503.genes.results",1
"SL324504.genes.results",1
"SL324506.genes.results",0
"SL324507.genes.results",1
"SL324508.genes.results",1
"SL324509.genes.results",0
"SL324511.genes.results",0
"SL324514.genes.results",1
"SL324515.genes.results",0
"SL324517.genes.results",1
"SL324518.genes.results",1
"SL324520.genes.results",1
"SL324521.genes.results",1
"SL324522.genes.results",0
"SL324527.genes.results",0
"SL324529.genes.results",1
"SL324534.genes.results",1
"SL324728.genes.results",1
"SL324729.genes.results",0
"SL324730.genes.results",1
"SL324731.genes.results",1
"SL324732.genes.results",1
"SL324733.genes.results",0
"SL324734.genes.results",1
"SL324735.genes.results",0
"SL324737.genes.results",1
"SL324744.genes.results",1
"SL324746.genes.results",1
"SL324747.genes.results",1
"SL324748.genes.results",1
"SL324750.genes.results",1
"SL324751.genes.results",1
"SL324752.genes.results",1
"SL324760.genes.results",1
"SL324761.genes.results",1
"SL324762.genes.results",1
"SL324763.genes.results",1
"SL324764.genes.results",1
"SL324765.genes.results",0
"SL324766.genes.results",1
"SL324767.genes.results",1
"SL324768.genes.results",1
"SL324776.genes.results",1
"SL324777.genes.results",1
"SL324778.genes.results",1
"SL324779.genes.results",1
"SL324780.genes.results",1
"SL324781.genes.results",0
"SL324782.genes.results",1
"SL324783.genes.results",1
"SL324792.genes.results",1
"SL324793.genes.results",1
"SL324794.genes.results",1
"SL324795.genes.results",1
"SL324796.genes.results",1
"SL324797.genes.results",1
"SL324798.genes.results",1
"SL324799.genes.results",0
"SL324802.genes.results",0
"SL324808.genes.results",1
"SL324809.genes.results",1
"SL324810.genes.results",1
"SL324811.genes.results",1
"SL324812.genes.results",1
"SL324813.genes.results",1
"SL324814.genes.results",1
"SL330194.genes.results",0
"SL330198.genes.results",0
"SL330199.genes.results",1
"SL330200.genes.results",0
"SL330201.genes.results",0
"SL330221.genes.results",0
"SL330224.genes.results",1
"SL330225.genes.results",1
"SL330230.genes.results",1
"SL330231.genes.results",1
"SL330250.genes.results",0
"SL330253.genes.results",0
"SL330254.genes.results",1
"SL330256.genes.results",0
"SL330257.genes.results",1
"SL330271.genes.results",0
"SL330274.genes.results",1
"SL330275.genes.results",1
"SL330277.genes.results",0
"SL330278.genes.results",1
"SL330279.genes.results",0
"SL330378.genes.results",0
"SL331579.genes.results",0
"SL331580.genes.results",0
"SL331583.genes.results",0
"SL331589.genes.results",0
"SL331598.genes.results",1
"SL331599.genes.results",0
"SL331604.genes.results",0
"SL331608.genes.results",0
"SL331618.genes.results",0
"SL331619.genes.results",0
"SL331620.genes.results",1
"SL331623.genes.results",0
"SL331627.genes.results",0
"SL331629.genes.results",0
"SL331630.genes.results",0
"SL331647.genes.results",0
"SL331649.genes.results",0
"SL331651.genes.results",0
"SL331655.genes.results",0
"SL331657.genes.results",0
"SL331659.genes.results",1
"SL335627.genes.results",0
"SL335645.genes.results",0
"SL335646.genes.results",0
"SL335648.genes.results",0
"SL335650.genes.results",0
"SL335657.genes.results",0
"SL335660.genes.results",0
"SL335663.genes.results",0
"SL335667.genes.results",0
"SL335670.genes.results",0
"SL335671.genes.results",0
"SL335673.genes.results",0
"SL337285.genes.results",0
"SL337286.genes.results",1
"SL337287.genes.results",0
"SL337292.genes.results",1
"SL337306.genes.results",0
"SL337308.genes.results",1
"SL337310.genes.results",1
"SL337311.genes.results",1
"SL337312.genes.results",1
"SL337314.genes.results",0
"SL337316.genes.results",0
"SL337317.genes.results",1
"SL337318.genes.results",1
"SL337319.genes.results",1
"SL337320.genes.results",0
"SL337321.genes.results",0
"SL337325.genes.results",0
"SL337327.genes.results",0
"SL337329.genes.results",0
"SL337336.genes.results",1
"SL337338.genes.results",0
"SL337341.genes.results",0
"SL337343.genes.results",0
"SL337345.genes.results",1
"SL337347.genes.results",1
"SL337349.genes.results",0
"SL337353.genes.results",0
"SL337354.genes.results",0
"SL337355.genes.results",1
"SL337361.genes.results",1
"SL337363.genes.results",1
"SL337366.genes.results",1
"SL337367.genes.results",0
"SL337436.genes.results",0
"SL337459.genes.results",1
"SL337460.genes.results",1
"SL337463.genes.results",0
"SL337465.genes.results",0
"SL337466.genes.results",0
"SL337482.genes.results",1
"SL337487.genes.results",1
"SL337488.genes.results",0
"SL337489.genes.results",0
"SL337510.genes.results",0
"SL337512.genes.results",1
"SL339380.genes.results",0
"SL339381.genes.results",0
"SL339382.genes.results",0
"SL339383.genes.results",0
"SL339384.genes.results",1
"SL339385.genes.results",0
"SL339386.genes.results",0
"SL339387.genes.results",0
"SL339388.genes.results",0
"SL339389.genes.results",0
"SL339390.genes.results",0
"SL339391.genes.results",0
"SL339392.genes.results",0
"SL339393.genes.results",0
"SL339394.genes.results",0
"SL339412.genes.results",1
"SL339413.genes.results",0
"SL339414.genes.results",1
"SL339415.genes.results",1
"SL339416.genes.results",0
"SL339417.genes.results",1
"SL339418.genes.results",0
"SL339419.genes.results",1
"SL339422.genes.results",1
"SL339429.genes.results",0
"SL339430.genes.results",0
"SL339431.genes.results",0
"SL339432.genes.results",1
"SL339433.genes.results",0
"SL339434.genes.results",0
"SL339435.genes.results",1
"SL339436.genes.results",0
"SL339437.genes.results",0
"SL339438.genes.results",0
"SL339439.genes.results",0
"SL339440.genes.results",0
"SL339441.genes.results",0
"SL339447.genes.results",1
"SL339452.genes.results",0
"SL339454.genes.results",0
"SL339455.genes.results",1
"SL339456.genes.results",0
"SL339457.genes.results",0
"SL339458.genes.results",0
"SL339459.genes.results",0
"SL339461.genes.results",0
"SL339463.genes.results",1
"SL339464.genes.results",0
"SL339465.genes.results",0
"SL339466.genes.results",0
"SL339467.genes.results",0
"SL339468.genes.results",0
"SL339470.genes.results",1
"SL340706.genes.results",0
"SL340707.genes.results",0
"SL340708.genes.results",0
"SL340709.genes.results",0
"SL340710.genes.results",0
"SL340711.genes.results",0
"SL340712.genes.results",0
"SL340713.genes.results",0
"SL340714.genes.results",0
"SL340716.genes.results",0
"SL340717.genes.results",0
"SL340718.genes.results",0
"SL340732.genes.results",0
"SL340733.genes.results",1
"SL340734.genes.results",0
"SL340735.genes.results",0
"SL340736.genes.results",1
"SL340737.genes.results",0
"SL340752.genes.results",1
"SL340753.genes.results",0
"SL340754.genes.results",0
"SL340755.genes.results",0
"SL340756.genes.results",0
"SL340757.genes.results",0
"SL340758.genes.results",0
"SL340759.genes.results",0
"SL340760.genes.results",0
"SL340774.genes.results",0
"SL340775.genes.results",0
"SL340776.genes.results",0
"SL340777.genes.results",1
"SL340778.genes.results",1
"SL340779.genes.results",1
"SL340780.genes.results",1
"SL340781.genes.results",1
"SL340782.genes.results",1
"SL340783.genes.results",1
"SL340784.genes.results",1
"SL340785.genes.results",1
"SL340786.genes.results",0
"SL340787.genes.results",0
"SL340788.genes.results",0
"SL341270.genes.results",0
"SL341271.genes.results",0
"SL341272.genes.results",0
"SL341273.genes.results",0
"SL341274.genes.results",0
"SL341275.genes.results",0
"SL341276.genes.results",0
"SL341277.genes.results",0
"SL341278.genes.results",1
"SL341279.genes.results",1
"SL341281.genes.results",1
"SL341282.genes.results",0
"SL341283.genes.results",0
"SL341284.genes.results",0
"SL341286.genes.results",0
"SL341287.genes.results",1
"SL341289.genes.results",0
"SL341292.genes.results",0
"SL341293.genes.results",1
"SL341294.genes.results",0
"SL341295.genes.results",0
"SL341296.genes.results",0
"SL341297.genes.results",0
"SL341298.genes.results",1
"SL341299.genes.results",0
"SL341300.genes.results",0
"SL341301.genes.results",0
"SL341302.genes.results",1
"SL341303.genes.results",0
"SL341304.genes.results",1
"SL341305.genes.results",0
"SL341306.genes.results",0
"SL341307.genes.results",0
"SL341308.genes.results",0
"SL341309.genes.results",0
"SL341310.genes.results",1
"SL341318.genes.results",0
"SL341319.genes.results",1
"SL341320.genes.results",1
"SL341321.genes.results",0
"SL341322.genes.results",0
"SL341323.genes.results",0
"SL341324.genes.results",0
"SL341325.genes.results",0
"SL341326.genes.results",0
"SL341327.genes.results",1
"SL341328.genes.results",0
"SL341329.genes.results",0
"SL341330.genes.results",0
"SL341331.genes.results",0
"SL341332.genes.results",0
"SL341336.genes.results",1
"SL341338.genes.results",0
"SL341339.genes.results",0
"SL341342.genes.results",1
"SL341343.genes.results",1
"SL341344.genes.results",0
"SL341345.genes.results",0
"SL341346.genes.results",0
"SL341347.genes.results",1
"SL341348.genes.results",0
"SL341349.genes.results",0
"SL341350.genes.results",1
"SL341351.genes.results",1
"SL341352.genes.results",1
"SL341353.genes.results",1
"SL341354.genes.results",1
"SL341355.genes.results",1
"SL341356.genes.results",1
"SL341357.genes.results",0
"SL341358.genes.results",0
"SL341359.genes.results",1
"SL341360.genes.results",0
"SL341365.genes.results",0
"SL342652.genes.results",1
"SL342653.genes.results",1
"SL342654.genes.results",1
"SL342655.genes.results",1
"SL342656.genes.results",1
"SL342659.genes.results",1
"SL342661.genes.results",0
"SL342663.genes.results",1
"SL342666.genes.results",0
"SL342667.genes.results",1
"SL342672.genes.results",0
"SL342676.genes.results",0
"SL342679.genes.results",1
"SL342680.genes.results",0
"SL342682.genes.results",1
"SL342685.genes.results",1
"SL342691.genes.results",1
"SL342692.genes.results",0
"SL342694.genes.results",1
"SL342699.genes.results",0
"SL342701.genes.results",1
"SL342702.genes.results",0
"SL342703.genes.results",1
"SL342707.genes.results",1
"SL342708.genes.results",0
"SL342709.genes.results",1
"SL342711.genes.results",0
"SL342714.genes.results",1
"SL342717.genes.results",0
"SL342728.genes.results",0
"SL342730.genes.results",1
"SL342731.genes.results",0
"SL342734.genes.results",0
"SL342738.genes.results",0
"SL343234.genes.results",0
"SL343258.genes.results",1
"SL343259.genes.results",1
"SL343260.genes.results",0
"SL343261.genes.results",0
"SL343283.genes.results",1
"SL343286.genes.results",1
"SL343308.genes.results",0
"SL343309.genes.results",0
"SL343310.genes.results",0
"SL343990.genes.results",0
"SL343992.genes.results",0
"SL344015.genes.results",0
"SL344038.genes.results",0
"SL344039.genes.results",0
"SL344040.genes.results",0
"SL344041.genes.results",0
"SL344043.genes.results",1
"SL344044.genes.results",1
"SL344045.genes.results",0
"SL344046.genes.results",0
"SL344047.genes.results",0
"SL344048.genes.results",0
"SL344800.genes.results",1
"SL346356.genes.results",0
"SL346358.genes.results",0
"SL346363.genes.results",0
"SL346364.genes.results",0
"SL346371.genes.results",0
"SL346372.genes.results",1
"SL346383.genes.results",0
"SL346384.genes.results",1
"SL346388.genes.results",0
"SL346391.genes.results",1
"SL346424.genes.results",1
"SL346434.genes.results",0
"SL346439.genes.results",0
"SL346443.genes.results",1
"SL346445.genes.results",1
"SL346446.genes.results",0
"SL347511.genes.results",0
"SL347514.genes.results",0
"SL347527.genes.results",0
"SL347535.genes.results",0
"SL347541.genes.results",0
"SL347559.genes.results",0
"SL348011.genes.results",0
"SL348031.genes.results",0
"SL348052.genes.results",0
"SL348053.genes.results",0
"SL349334.genes.results",1
"SL349344.genes.results",0
"SL349345.genes.results",0
"SL349352.genes.results",0
"SL349369.genes.results",0
"SL349374.genes.results",0
"SL349376.genes.results",1
"SL349384.genes.results",1
"SL350047.genes.results",0
"SL350050.genes.results",0
"SL350051.genes.results",0
"SL350053.genes.results",0
"SL350074.genes.results",0
"SL350079.genes.results",0
"SL355528.genes.results",0
"SL355529.genes.results",1
"SL355532.genes.results",0
"SL355533.genes.results",1
"SL355534.genes.results",1
"SL355541.genes.results",0
"SL355543.genes.results",0
"SL355571.genes.results",0
"SL355593.genes.results",0
"SL355599.genes.results",1
"SL355600.genes.results",0
"SL355601.genes.results",0
"SL355606.genes.results",0
"SL356003.genes.results",0
"SL356005.genes.results",0
"SL356006.genes.results",0
"SL356009.genes.results",0
"SL356014.genes.results",0
"SL356015.genes.results",0
"SL356016.genes.results",1
"SL356020.genes.results",0
"SL356021.genes.results",0
"SL356030.genes.results",1
"SL356032.genes.results",1
"SL356036.genes.results",1
"SL356038.genes.results",0
"SL356059.genes.results",1
"SL356082.genes.results",0
"SL356089.genes.results",0
"SL359718.genes.results",0
"SL359722.genes.results",0
"SL359725.genes.results",0
"SL359747.genes.results",1
"SL359748.genes.results",0
"SL359750.genes.results",1
"SL359757.genes.results",0
"SL359771.genes.results",0
"SL359772.genes.results",0
"SL359773.genes.results",0
"SL359778.genes.results",0
"SL359787.genes.results",0
"SL359788.genes.results",0
"SL359789.genes.results",0
"SL359790.genes.results",1
"SL359791.genes.results",0
"SL359792.genes.results",0
"SL359793.genes.results",0
"SL359794.genes.results",1
"SL359795.genes.results",0
"SL359796.genes.results",0
"SL359797.genes.results",1
"SL359798.genes.results",1
"SL359800.genes.results",1
"SL359801.genes.results",0
"SL362802.genes.results",0
"SL362815.genes.results",1
"SL362820.genes.results",0
"SL362823.genes.results",0
"SL362824.genes.results",1
"SL362825.genes.results",1
"SL362826.genes.results",1
"SL362827.genes.results",1
"SL362828.genes.results",0
"SL362829.genes.results",0
"SL362830.genes.results",1
"SL362831.genes.results",1
"SL362832.genes.results",1
"SL362833.genes.results",1
"SL362837.genes.results",0
"SL362838.genes.results",0
"SL362840.genes.results",1
"SL362848.genes.results",0
"SL362849.genes.results",0
"SL362851.genes.results",0
"SL362852.genes.results",1
"SL362853.genes.results",1
"SL362854.genes.results",0
"SL362855.genes.results",1
"SL362856.genes.results",0
"SL362857.genes.results",1
"SL362859.genes.results",1
"SL362860.genes.results",1
"SL362861.genes.results",1
"SL362865.genes.results",1
"SL362871.genes.results",1
"SL362874.genes.results",0
"SL362877.genes.results",0
"SL362878.genes.results",1
"SL362879.genes.results",1
"SL362880.genes.results",1
"SL362881.genes.results",1
"SL362882.genes.results",1
"SL362883.genes.results",1
"SL362884.genes.results",1
"SL362886.genes.results",1
"SL362887.genes.results",1
"SL362888.genes.results",1
"SL362889.genes.results",1
"SL362891.genes.results",1
"SL364158.genes.results",1
"SL364159.genes.results",0
"SL364160.genes.results",0
"SL364162.genes.results",0
"SL364163.genes.results",0
"SL364170.genes.results",0
"SL364180.genes.results",0
"SL364181.genes.results",0
"SL364182.genes.results",0
"SL364183.genes.results",0
"SL364184.genes.results",0
"SL364185.genes.results",0
"SL364186.genes.results",0
"SL364187.genes.results",0
"SL364188.genes.results",0
"SL364204.genes.results",0
"SL364206.genes.results",0
"SL364207.genes.results",0
"SL364208.genes.results",0
"SL364209.genes.results",0
"SL364210.genes.results",0
"SL364211.genes.results",0
"SL364228.genes.results",0
"SL364229.genes.results",0
"SL364230.genes.results",1
"SL364231.genes.results",0
"SL364232.genes.results",0
"SL364242.genes.results",0
"SL365854.genes.results",0
"SL365856.genes.results",0
"SL365858.genes.results",1
"SL365861.genes.results",0
"SL365862.genes.results",0
"SL365865.genes.results",1
"SL365867.genes.results",0
"SL365871.genes.results",1
"SL365875.genes.results",0
"SL365876.genes.results",0
"SL365887.genes.results",1
"SL365891.genes.results",0
"SL365894.genes.results",1
"SL365895.genes.results",0
"SL365897.genes.results",0
"SL365899.genes.results",1
"SL365900.genes.results",1
"SL365920.genes.results",0
"SL365921.genes.results",0
"SL365922.genes.results",1
"SL365923.genes.results",1
"SL365924.genes.results",1
"SL365938.genes.results",1
"SL365947.genes.results",1
"SL365948.genes.results",1
"SL365949.genes.results",0
"SL367594.genes.results",0
"SL367595.genes.results",1
"SL367596.genes.results",0
"SL367601.genes.results",0
"SL367602.genes.results",1
"SL367605.genes.results",0
"SL367624.genes.results",1
"SL367679.genes.results",0
"SL368616.genes.results",0
"SL368617.genes.results",0
"SL368622.genes.results",1
"SL368624.genes.results",0
"SL368625.genes.results",0
"SL368628.genes.results",0
"SL368629.genes.results",0
"SL368630.genes.results",0
"SL368632.genes.results",0
"SL368636.genes.results",1
"SL368638.genes.results",1
"SL368639.genes.results",0
"SL368641.genes.results",1
"SL368644.genes.results",0
"SL368656.genes.results",0
"SL368658.genes.results",1
"SL368660.genes.results",1
"SL368669.genes.results",0
"SL368676.genes.results",1
"SL368680.genes.results",0
"SL368682.genes.results",0
"SL368686.genes.results",0
"SL368689.genes.results",1
"SL368699.genes.results",1
"SL368700.genes.results",0
"SL368701.genes.results",0
"SL368703.genes.results",0
"SL368704.genes.results",0
"SL369930.genes.results",0
"SL369936.genes.results",1
"SL369957.genes.results",1
"SL371005.genes.results",0
"SL371006.genes.results",0
"SL371030.genes.results",0
"SL371031.genes.results",0
"SL371032.genes.results",0
"SL371033.genes.results",0
"SL371034.genes.results",1
"SL371035.genes.results",0
"SL371049.genes.results",0
"SL371050.genes.results",1
"SL371051.genes.results",0
"SL371058.genes.results",0
"SL371059.genes.results",0
"SL371060.genes.results",0
"SL371061.genes.results",0
"SL371062.genes.results",1
"SL371072.genes.results",0
"SL371073.genes.results",0
"SL371074.genes.results",0
"SL371075.genes.results",0
"SL371076.genes.results",0
"SL371088.genes.results",0
"SL371089.genes.results",0
"SL371091.genes.results",0
"SL371092.genes.results",0
"SL371093.genes.results",0
"SL371095.genes.results",0
"SL371099.genes.results",1
"SL371113.genes.results",1
"SL371114.genes.results",0
"SL371115.genes.results",1
"SL371116.genes.results",0
"SL371118.genes.results",0
"SL371119.genes.results",0
"SL371120.genes.results",1
"SL371126.genes.results",0
"SL371127.genes.results",0
"SL371146.genes.results",0
"SL371159.genes.results",0
"SL371160.genes.results",0
"SL371161.genes.results",0
"SL371165.genes.results",0
"SL371493.genes.results",0
"SL371494.genes.results",0
"SL371496.genes.results",0
"SL371498.genes.results",0
"SL371499.genes.results",0
"SL371505.genes.results",0
"SL371508.genes.results",0
"SL371509.genes.results",0
"SL371510.genes.results",0
"SL371511.genes.results",0
"SL371512.genes.results",1
"SL371513.genes.results",0
"SL371515.genes.results",0
"SL371518.genes.results",0
"SL371521.genes.results",0
"SL371524.genes.results",0
"SL371527.genes.results",0
"SL371529.genes.results",0
"SL371530.genes.results",1
"SL371531.genes.results",1
"SL371532.genes.results",0
"SL371534.genes.results",0
"SL371535.genes.results",0
"SL371538.genes.results",0
"SL371542.genes.results",0
"SL371547.genes.results",0
"SL371549.genes.results",1
"SL371550.genes.results",0
"SL371551.genes.results",0
"SL371552.genes.results",0
"SL371555.genes.results",1
"SL371556.genes.results",0
"SL371562.genes.results",1
"SL371564.genes.results",0
"SL371565.genes.results",1
"SL371567.genes.results",0
"SL371568.genes.results",1
"SL372333.genes.results",1
"SL372342.genes.results",0
"SL372344.genes.results",0
"SL372353.genes.results",1
"SL372355.genes.results",0
"SL372360.genes.results",0
"SL372361.genes.results",0
"SL372362.genes.results",0
"SL372363.genes.results",0
"SL372371.genes.results",1
"SL372373.genes.results",1
"SL372377.genes.results",1
"SL372378.genes.results",1
"SL372379.genes.results",0
"SL372381.genes.results",0
"SL372393.genes.results",1
"SL372413.genes.results",0
"SL372416.genes.results",0
"SL372422.genes.results",1
"SL372424.genes.results",0
"SL372426.genes.results",0
"SL372431.genes.results",0
"SL372437.genes.results",0
"SL372441.genes.results",0
"SL372442.genes.results",1
"SL372454.genes.results",0
"SL372455.genes.results",0
"SL372464.genes.results",0
"SL372467.genes.results",0
"SL372477.genes.results",1
"SL372480.genes.results",0
"SL372484.genes.results",0
"SL372485.genes.results",0
"SL372489.genes.results",1
"SL373334.genes.results",0
"SL373335.genes.results",0
"SL373336.genes.results",0
"SL373341.genes.results",1
"SL373342.genes.results",1
"SL373378.genes.results",1
"SL373379.genes.results",1
"SL373381.genes.results",1
"SL373383.genes.results",1
"SL373385.genes.results",0
"SL373399.genes.results",1
"SL373400.genes.results",0
"SL373402.genes.results",1
"SL373403.genes.results",0
"SL373410.genes.results",1
"SL373412.genes.results",1
"SL373413.genes.results",1
"SL375695.genes.results",0
"SL375696.genes.results",0
"SL375697.genes.results",0
"SL375698.genes.results",0
"SL375700.genes.results",0
"SL375701.genes.results",0
"SL375702.genes.results",0
"SL375704.genes.results",0
"SL375707.genes.results",1
"SL375710.genes.results",0
"SL375717.genes.results",0
"SL375718.genes.results",0
"SL375719.genes.results",0
"SL375720.genes.results",0
"SL375721.genes.results",0
"SL375723.genes.results",1
"SL375724.genes.results",0
"SL375732.genes.results",1
"SL375734.genes.results",0
"SL375735.genes.results",0
"SL375753.genes.results",0
"SL375754.genes.results",0
"SL375758.genes.results",1
"SL375761.genes.results",0
"SL376861.genes.results",0
"SL376862.genes.results",0
"SL376864.genes.results",0
"SL376866.genes.results",0
"SL376867.genes.results",0
"SL376868.genes.results",0
"SL376884.genes.results",1
"SL376887.genes.results",0
"SL376908.genes.results",0
"SL376909.genes.results",0
"SL376911.genes.results",1
"SL376913.genes.results",0
"SL376914.genes.results",0
"SL376931.genes.results",0
"SL376932.genes.results",1
"SL376933.genes.results",1
"SL376935.genes.results",0
"SL376938.genes.results",0
"SL378299.genes.results",0
"SL378300.genes.results",0
"SL378301.genes.results",0
"SL378314.genes.results",0
"SL378321.genes.results",0
"SL378322.genes.results",0
"SL378324.genes.results",0
"SL378325.genes.results",0
"SL378326.genes.results",0
"SL378327.genes.results",0
"SL378328.genes.results",1
"SL378329.genes.results",0
"SL378330.genes.results",0
"SL378331.genes.results",0
"SL378332.genes.results",1
"SL378338.genes.results",0
"SL378339.genes.results",0
"SL378343.genes.results",0
"SL378344.genes.results",0
"SL378345.genes.results",0
"SL378346.genes.results",0
"SL378347.genes.results",0
"SL378348.genes.results",0
"SL378358.genes.results",1
"SL378359.genes.results",0
"SL378360.genes.results",0
"SL378366.genes.results",0
"SL378367.genes.results",0
"SL378369.genes.results",0
"SL378370.genes.results",0
"SL378371.genes.results",0
"SL378372.genes.results",0
"SL378373.genes.results",0
"SL378384.genes.results",0
"SL380006.genes.results",0
"SL380016.genes.results",0
"SL380017.genes.results",1
"SL380027.genes.results",0
"SL380028.genes.results",0
"SL380041.genes.results",1
"SL380048.genes.results",0
"SL380049.genes.results",0
"SL380050.genes.results",0
"SL380051.genes.results",0
"SL380052.genes.results",0
"SL380080.genes.results",1
"SL380085.genes.results",0
"SL380087.genes.results",0
"SL381457.genes.results",0
"SL381459.genes.results",0
"SL381461.genes.results",0
"SL381463.genes.results",1
"SL381464.genes.results",1
"SL381471.genes.results",1
"SL381478.genes.results",0
"SL381479.genes.results",0
"SL381482.genes.results",0
"SL381483.genes.results",1
"SL381491.genes.results",0
"SL381492.genes.results",1
"SL381493.genes.results",0
"SL381503.genes.results",0
"SL381520.genes.results",1
"SL381526.genes.results",0
"SL381528.genes.results",0
"SL381543.genes.results",1
"SL381546.genes.results",0
"SL381547.genes.results",0
"SL381548.genes.results",0
"SL381553.genes.results",0
"SL381575.genes.results",0
"SL381576.genes.results",0
"SL381606.genes.results",0
"SL381607.genes.results",1
"SL381608.genes.results",0
"SL382076.genes.results",0
"SL382077.genes.results",0
"SL382088.genes.results",0
"SL382099.genes.results",0
"SL382100.genes.results",0
"SL382103.genes.results",0
"SL382104.genes.results",0
"SL382105.genes.results",1
"SL382106.genes.results",0
"SL382124.genes.results",1
"SL382127.genes.results",0
"SL382128.genes.results",0
"SL382149.genes.results",0
"SL382150.genes.results",0
"SL383123.genes.results",0
"SL383132.genes.results",0
"SL383134.genes.results",0
"SL383148.genes.results",0
"SL383151.genes.results",0
"SL383152.genes.results",0
"SL383153.genes.results",1
"SL383159.genes.results",0
"SL383164.genes.results",0
"SL383175.genes.results",0
"SL383852.genes.results",1
"SL383854.genes.results",0
"SL383862.genes.results",0
"SL383863.genes.results",0
"SL383864.genes.results",0
"SL383865.genes.results",0
"SL383866.genes.results",0
"SL383869.genes.results",0
"SL383879.genes.results",1
"SL383881.genes.results",0
"SL383888.genes.results",1
"SL383889.genes.results",1
"SL383891.genes.results",0
"SL383893.genes.results",0
"SL383894.genes.results",0
"SL383900.genes.results",1
"SL383909.genes.results",0
"SL383911.genes.results",0
"SL383921.genes.results",0
"SL383924.genes.results",1
"SL383930.genes.results",1
"SL385410.genes.results",1
"SL385413.genes.results",1
"SL385414.genes.results",1
"SL385418.genes.results",1
"SL385419.genes.results",0
"SL385420.genes.results",1
"SL385422.genes.results",0
"SL385423.genes.results",0
"SL385431.genes.results",1
"SL385432.genes.results",1
"SL385435.genes.results",0
"SL385436.genes.results",1
"SL385440.genes.results",1
"SL385441.genes.results",1
"SL385443.genes.results",0
"SL385445.genes.results",0
"SL385452.genes.results",0
"SL385453.genes.results",0
"SL385454.genes.results",0
"SL385457.genes.results",1
"SL385458.genes.results",0
"SL385459.genes.results",0
"SL385460.genes.results",1
"SL385461.genes.results",1
"SL385462.genes.results",1
"SL385470.genes.results",1
"SL385475.genes.results",0
"SL385476.genes.results",0
"SL385477.genes.results",0
"SL385480.genes.results",1
"SL385481.genes.results",1
"SL385484.genes.results",0
"SL385485.genes.results",1
"SL385487.genes.results",0
"SL385488.genes.results",1
"SL385489.genes.results",1
"SL385595.genes.results",0
"SL385596.genes.results",1
"SL385597.genes.results",0
"SL385603.genes.results",0
"SL385605.genes.results",0
"SL385609.genes.results",1
"SL385611.genes.results",0
"SL385612.genes.results",0
"SL385614.genes.results",1
"SL385617.genes.results",0
"SL385618.genes.results",0
"SL385620.genes.results",0
"SL385621.genes.results",1
"SL385622.genes.results",1
"SL385631.genes.results",1
"SL385636.genes.results",0
"SL385637.genes.results",0
"SL385641.genes.results",0
"SL385644.genes.results",1
"SL385645.genes.results",0
"SL385649.genes.results",0
"SL385667.genes.results",1
"SL385668.genes.results",0
"SL385671.genes.results",1
"SL385673.genes.results",0
"SL385674.genes.results",1
"SL385684.genes.results",1
"SL385685.genes.results",1
"SL387117.genes.results",0
"SL387120.genes.results",0
"SL387121.genes.results",0
"SL387122.genes.results",1
"SL387123.genes.results",0
"SL387124.genes.results",0
"SL387125.genes.results",0
"SL387126.genes.results",0
"SL387127.genes.results",0
"SL387128.genes.results",0
"SL387129.genes.results",1
"SL387130.genes.results",1
"SL387131.genes.results",1
"SL387132.genes.results",0
"SL387136.genes.results",0
"SL387142.genes.results",1
"SL387144.genes.results",0
"SL387145.genes.results",1
"SL387147.genes.results",1
"SL387148.genes.results",1
"SL387149.genes.results",1
"SL387151.genes.results",0
"SL387152.genes.results",0
"SL387154.genes.results",1
"SL387155.genes.results",0
"SL387164.genes.results",0
"SL387170.genes.results",1
"SL387171.genes.results",1
"SL387172.genes.results",1
"SL387173.genes.results",0
"SL387174.genes.results",1
"SL387175.genes.results",1
"SL387176.genes.results",0
"SL387177.genes.results",0
"SL387179.genes.results",1
"SL387180.genes.results",0
"SL387183.genes.results",0
"SL387191.genes.results",1
"SL387192.genes.results",1
"SL387193.genes.results",0
"SL387194.genes.results",1
"SL387195.genes.results",1
"SL387197.genes.results",1
"SL387198.genes.results",1
"SL387199.genes.results",1
"SL387200.genes.results",0
"SL387201.genes.results",1
"SL387202.genes.results",1
"SL387203.genes.results",0
"SL387205.genes.results",1
"SL387207.genes.results",1
"SL387209.genes.results",1
"SL387313.genes.results",0
"SL387314.genes.results",0
"SL387315.genes.results",0
"SL387316.genes.results",0
"SL387317.genes.results",1
"SL387318.genes.results",0
"SL387321.genes.results",1
"SL387322.genes.results",0
"SL387330.genes.results",0
"SL387331.genes.results",0
"SL387332.genes.results",0
"SL387342.genes.results",1
"SL387344.genes.results",1
"SL387346.genes.results",1
"SL387354.genes.results",0
"SL387355.genes.results",0
"SL387356.genes.results",0
"SL387357.genes.results",0
"SL387358.genes.results",0
"SL387359.genes.results",0
"SL387361.genes.results",0
"SL387362.genes.results",0
"SL387363.genes.results",0
"SL387364.genes.results",1
"SL387365.genes.results",0
"SL387366.genes.results",0
"SL387367.genes.results",0
"SL387375.genes.results",1
"SL387378.genes.results",0
"SL387379.genes.results",0
"SL387380.genes.results",0
"SL387381.genes.results",0
"SL387382.genes.results",0
"SL387383.genes.results",0
"SL387384.genes.results",0
"SL387385.genes.results",0
"SL387386.genes.results",0
"SL387387.genes.results",0
"SL387388.genes.results",0
"SL387389.genes.results",0
"SL387390.genes.results",0
"SL387396.genes.results",1
"SL387397.genes.results",0
"SL388710.genes.results",0
"SL388711.genes.results",0
"SL388712.genes.results",0
"SL388713.genes.results",0
"SL388714.genes.results",0
"SL388715.genes.results",0
"SL388716.genes.results",0
"SL388717.genes.results",0
"SL388718.genes.results",0
"SL388719.genes.results",0
"SL388720.genes.results",0
"SL388721.genes.results",0
"SL388722.genes.results",0
"SL388723.genes.results",0
"SL388724.genes.results",0
"SL388725.genes.results",0
"SL388726.genes.results",0
"SL388727.genes.results",0
"SL388728.genes.results",1
"SL388729.genes.results",0
"SL388734.genes.results",0
"SL388735.genes.results",0
"SL388736.genes.results",0
"SL388737.genes.results",0
"SL388738.genes.results",0
"SL388739.genes.results",0
"SL388740.genes.results",0
"SL388741.genes.results",0
"SL388742.genes.results",0
"SL388743.genes.results",0
"SL388744.genes.results",0
"SL388745.genes.results",0
"SL388746.genes.results",0
"SL388747.genes.results",0
"SL388748.genes.results",1
"SL388749.genes.results",0
"SL388750.genes.results",0
"SL388751.genes.results",0
"SL388752.genes.results",0
"SL388753.genes.results",1
"SL388754.genes.results",0
"SL388755.genes.results",1
"SL388756.genes.results",1
"SL388758.genes.results",0
"SL388759.genes.results",0
"SL388760.genes.results",0
"SL388761.genes.results",1
"SL388762.genes.results",0
"SL388763.genes.results",0
"SL388764.genes.results",0
"SL388765.genes.results",0
"SL388766.genes.results",0
"SL388767.genes.results",0
"SL388768.genes.results",0
"SL388769.genes.results",0
"SL388770.genes.results",0
"SL388771.genes.results",1
"SL388772.genes.results",0
"SL388773.genes.results",0
"SL388774.genes.results",0
"SL388775.genes.results",1
"SL388776.genes.results",0
"SL388777.genes.results",0
"SL388778.genes.results",0
"SL388779.genes.results",1
"SL388780.genes.results",1
"SL388781.genes.results",0
"SL388782.genes.results",0
"SL388783.genes.results",0
"SL388784.genes.results",0
"SL388785.genes.results",0
"SL388786.genes.results",0
"SL388787.genes.results",0
"SL388788.genes.results",0
"SL388789.genes.results",0
"SL388790.genes.results",0
"SL388791.genes.results",0
"SL388792.genes.results",0
"SL388793.genes.results",0
"SL388794.genes.results",0
"SL388795.genes.results",0
"SL388796.genes.results",0
"SL388797.genes.results",0
"SL388798.genes.results",0
"SL388799.genes.results",0
"SL388800.genes.results",0
"SL388801.genes.results",1
"SL388802.genes.results",1
"SL388803.genes.results",1
"SL388804.genes.results",1
"SL389998.genes.results",0
"SL389999.genes.results",0
"SL390000.genes.results",0
"SL390001.genes.results",0
"SL390002.genes.results",0
"SL390003.genes.results",0
"SL390004.genes.results",0
"SL390005.genes.results",0
"SL390006.genes.results",0
"SL390007.genes.results",0
"SL390008.genes.results",0
"SL390009.genes.results",0
"SL390010.genes.results",0
"SL390011.genes.results",0
"SL390012.genes.results",0
"SL390013.genes.results",0
"SL390014.genes.results",0
"SL390015.genes.results",0
"SL390016.genes.results",0
"SL390017.genes.results",0
"SL390018.genes.results",0
"SL390019.genes.results",1
"SL390020.genes.results",0
"SL390021.genes.results",0
"SL390022.genes.results",0
"SL390023.genes.results",1
"SL390024.genes.results",0
"SL390025.genes.results",1
"SL390026.genes.results",0
"SL390027.genes.results",0
"SL390028.genes.results",0
"SL390029.genes.results",0
"SL390030.genes.results",0
"SL390031.genes.results",0
"SL390032.genes.results",0
"SL390033.genes.results",0
"SL390034.genes.results",0
"SL390035.genes.results",0
"SL390036.genes.results",0
"SL390037.genes.results",0
"SL390038.genes.results",0
"SL390039.genes.results",0
"SL390040.genes.results",0
"SL390041.genes.results",0
"SL390042.genes.results",1
"SL390043.genes.results",0
"SL390044.genes.results",0
"SL390045.genes.results",0
"SL390046.genes.results",0
"SL390047.genes.results",0
"SL390048.genes.results",1
"SL390049.genes.results",0
"SL390050.genes.results",0
"SL390051.genes.results",0
"SL390052.genes.results",0
"SL390053.genes.results",0
"SL390054.genes.results",0
"SL390055.genes.results",0
"SL390056.genes.results",0
"SL390057.genes.results",0
"SL390058.genes.results",0
"SL390059.genes.results",0
"SL390060.genes.results",0
"SL390061.genes.results",0
"SL390062.genes.results",0
"SL390063.genes.results",0
"SL390064.genes.results",0
"SL390065.genes.results",1
"SL390066.genes.results",0
"SL390067.genes.results",0
"SL390068.genes.results",1
"SL390069.genes.results",0
"SL390070.genes.results",0
"SL390071.genes.results",0
"SL390072.genes.results",1
"SL390073.genes.results",0
"SL390074.genes.results",0
"SL390075.genes.results",0
"SL390076.genes.results",0
"SL390077.genes.results",0
"SL390078.genes.results",0
"SL390079.genes.results",0
"SL390080.genes.results",1
"SL390081.genes.results",0
"SL390082.genes.results",0
"SL390084.genes.results",0
"SL390085.genes.results",0
"SL390086.genes.results",0
"SL390087.genes.results",0
"SL390088.genes.results",0
"SL390089.genes.results",0
"SL390090.genes.results",0
"SL390091.genes.results",0
"SL390092.genes.results",0
"SL390093.genes.results",1
"SL390300.genes.results",0
"SL390325.genes.results",0
"SL390328.genes.results",1
"SL390341.genes.results",0
"SL390342.genes.results",0
"SL390349.genes.results",0
"SL390350.genes.results",0
"SL390351.genes.results",1
"SL390362.genes.results",1
"SL390368.genes.results",0
"SL390369.genes.results",1
"SL390370.genes.results",0
"SL390371.genes.results",0
"SL390372.genes.results",0
"SL390373.genes.results",0
"SL390374.genes.results",0
"SL390375.genes.results",0
"SL390376.genes.results",0
"SL390377.genes.results",0
"SL390378.genes.results",0
"SL390379.genes.results",0
"SL390389.genes.results",0
"SL391415.genes.results",1
"SL391438.genes.results",0
"SL391440.genes.results",0
"SL391441.genes.results",0
"SL391442.genes.results",0
"SL391467.genes.results",0
"SL391468.genes.results",0
"SL391469.genes.results",0
"SL391470.genes.results",1
"SL392445.genes.results",1
"SL392447.genes.results",1
"SL392448.genes.results",0
"SL392461.genes.results",0
"SL392464.genes.results",0
"SL392466.genes.results",1
"SL392486.genes.results",0
"SL392491.genes.results",1
"SL392651.genes.results",1
"SL392652.genes.results",0
"SL392654.genes.results",1
"SL392655.genes.results",1
"SL392656.genes.results",1
"SL392658.genes.results",1
"SL392659.genes.results",1
"SL392660.genes.results",1
"SL392661.genes.results",0
"SL392667.genes.results",1
"SL392674.genes.results",0
"SL392675.genes.results",1
"SL392676.genes.results",1
"SL392684.genes.results",0
"SL392688.genes.results",1
"SL392694.genes.results",0
"SL392700.genes.results",1
"SL392726.genes.results",0
"SL392727.genes.results",0
"SL392731.genes.results",0
"SL392957.genes.results",1
"SL392966.genes.results",0
"SL392967.genes.results",0
"SL392968.genes.results",0
"SL392969.genes.results",0
"SL392990.genes.results",0
"SL393002.genes.results",1
"SL393005.genes.results",0
"SL393008.genes.results",0
"SL393019.genes.results",0
"SL393020.genes.results",1
"SL393021.genes.results",1
"SL394510.genes.results",1
"SL394511.genes.results",0
"SL394513.genes.results",1
"SL394526.genes.results",1
"SL394534.genes.results",0
"SL394535.genes.results",1
"SL394536.genes.results",0
"SL394537.genes.results",1
"SL394538.genes.results",0
"SL394539.genes.results",0
"SL394540.genes.results",0
"SL394541.genes.results",1
"SL394542.genes.results",1
"SL394543.genes.results",1
"SL394544.genes.results",0
"SL394558.genes.results",1
"SL394559.genes.results",0
"SL394560.genes.results",0
"SL394561.genes.results",1
"SL394562.genes.results",0
"SL394563.genes.results",1
"SL394564.genes.results",0
"SL394565.genes.results",0
"SL394566.genes.results",0
"SL394567.genes.results",0
"SL394568.genes.results",1
"SL394569.genes.results",0
"SL394570.genes.results",1
"SL394571.genes.results",0
"SL394580.genes.results",1
"SL394582.genes.results",0
"SL394584.genes.results",1
"SL394585.genes.results",0
"SL394586.genes.results",0
"SL394587.genes.results",1
"SL394588.genes.results",0
"SL394589.genes.results",0
"SL394597.genes.results",0
"SL397583.genes.results",1
"SL397585.genes.results",0
"SL397597.genes.results",1
"SL397598.genes.results",1
"SL397608.genes.results",0
"SL397609.genes.results",0
"SL397613.genes.results",0
"SL397617.genes.results",0
"SL397622.genes.results",0
"SL397824.genes.results",1
"SL397902.genes.results",0
"SL397906.genes.results",0
"SL397907.genes.results",0
"SL397919.genes.results",0
"SL397922.genes.results",0
"SL397931.genes.results",0
"SL397932.genes.results",0
"SL397933.genes.results",0
"SL397938.genes.results",1
"SL397939.genes.results",0
"SL397946.genes.results",0
"SL397949.genes.results",1
"SL397955.genes.results",1
"SL397965.genes.results",1
"SL397969.genes.results",1
"SL397970.genes.results",0
"SL397983.genes.results",0
"SL398000.genes.results",0
"SL398005.genes.results",0
"SL398035.genes.results",0
"SL398036.genes.results",0
"SL398047.genes.results",0
"SL398051.genes.results",0
"SL398052.genes.results",0
"SL398053.genes.results",0
"SL398195.genes.results",0
"SL398196.genes.results",0
"SL398217.genes.results",1
"SL398222.genes.results",0
"SL398224.genes.results",0
"SL398225.genes.results",1
"SL398226.genes.results",0
"SL398250.genes.results",0
"SL398425.genes.results",0
"SL398426.genes.results",0
"SL398427.genes.results",0
"SL398428.genes.results",1
"SL398429.genes.results",0
"SL398430.genes.results",1
"SL398431.genes.results",1
"SL398432.genes.results",0
"SL398433.genes.results",0
"SL398434.genes.results",0
"SL398435.genes.results",0
"SL398436.genes.results",0
"SL398437.genes.results",1
"SL398438.genes.results",0
"SL398439.genes.results",0
"SL398440.genes.results",0
"SL398441.genes.results",0
"SL398442.genes.results",0
"SL398443.genes.results",0
"SL398445.genes.results",1
"SL398446.genes.results",1
"SL398469.genes.results",0
"SL398470.genes.results",0
"SL398487.genes.results",0
"SL398488.genes.results",0
"SL398489.genes.results",1
"SL398490.genes.results",0
"SL398491.genes.results",0
"SL398492.genes.results",0
"SL398493.genes.results",0
"SL398494.genes.results",0
"SL398510.genes.results",0
"SL398511.genes.results",1
"SL398512.genes.results",0
"SL398513.genes.results",1
"SL398521.genes.results",0
"SL398522.genes.results",0
"SL398523.genes.results",1
"SL398524.genes.results",0
"SL398530.genes.results",0
"SL398542.genes.results",1
"SL398545.genes.results",0
"SL398546.genes.results",1
"SL398551.genes.results",0
"SL398553.genes.results",1
"SL398559.genes.results",1
"SL398561.genes.results",1
"SL398563.genes.results",0
"SL398564.genes.results",0
"SL398570.genes.results",1
"SL398571.genes.results",1
"SL398574.genes.results",0
"SL398575.genes.results",0
"SL398576.genes.results",0
"SL398577.genes.results",1
"SL398578.genes.results",1
"SL398587.genes.results",0
"SL398588.genes.results",1
"SL398591.genes.results",0
"SL398596.genes.results",1
"SL398597.genes.results",1
"SL398598.genes.results",1
"SL398599.genes.results",1
"SL398600.genes.results",1
"SL398601.genes.results",1
"SL398611.genes.results",0
"SL399125.genes.results",0
"SL399131.genes.results",1
"SL399134.genes.results",1
"SL399135.genes.results",1
"SL399136.genes.results",1
"SL399142.genes.results",1
"SL399143.genes.results",1
"SL399144.genes.results",1
"SL399145.genes.results",1
"SL399159.genes.results",0
"SL399161.genes.results",1
"SL399164.genes.results",1
"SL399169.genes.results",0
"SL399170.genes.results",1
"SL399171.genes.results",0
"SL399185.genes.results",0
"SL399187.genes.results",1
"SL399190.genes.results",1
"SL399193.genes.results",1
"SL399210.genes.results",1
"SL399211.genes.results",1
"SL399212.genes.results",1
"SL399214.genes.results",1
"SL399215.genes.results",1
"SL399218.genes.results",1
"SL399219.genes.results",1
"SL399300.genes.results",0
"SL399301.genes.results",1
"SL399304.genes.results",0
"SL399305.genes.results",1
"SL399333.genes.results",0
"SL399335.genes.results",0
"SL399336.genes.results",1
"SL399337.genes.results",1
"SL399338.genes.results",1
"SL399359.genes.results",1
"SL399360.genes.results",1
"SL399361.genes.results",1
"SL399362.genes.results",1
"SL400378.genes.results",0
"SL400379.genes.results",0
"SL400380.genes.results",0
"SL400387.genes.results",0
"SL400402.genes.results",0
"SL400403.genes.results",0
"SL400404.genes.results",0
"SL400405.genes.results",0
"SL400406.genes.results",0
"SL400408.genes.results",0
"SL400409.genes.results",0
"SL400410.genes.results",0
"SL400411.genes.results",0
"SL400424.genes.results",0
"SL400425.genes.results",1
"SL400427.genes.results",1
"SL400428.genes.results",0
"SL400429.genes.results",1
"SL400430.genes.results",1
"SL400451.genes.results",0
"SL400454.genes.results",1
"SL400650.genes.results",0
"SL400651.genes.results",0
"SL400652.genes.results",0
"SL400653.genes.results",0
"SL400654.genes.results",0
"SL400656.genes.results",0
"SL400658.genes.results",0
"SL400659.genes.results",0
"SL400660.genes.results",0
"SL400662.genes.results",0
"SL400672.genes.results",0
"SL400673.genes.results",0
"SL400674.genes.results",0
"SL400675.genes.results",0
"SL400676.genes.results",0
"SL400678.genes.results",0
"SL400679.genes.results",0
"SL400681.genes.results",0
"SL400682.genes.results",0
"SL400684.genes.results",0
"SL400687.genes.results",0
"SL400688.genes.results",0
"SL400689.genes.results",0
"SL400693.genes.results",0
"SL400695.genes.results",0
"SL400696.genes.results",0
"SL400697.genes.results",0
"SL400699.genes.results",0
"SL400701.genes.results",0
"SL400702.genes.results",0
"SL400703.genes.results",0
"SL400704.genes.results",0
"SL400705.genes.results",0
"SL400706.genes.results",0
"SL400707.genes.results",0
"SL400708.genes.results",0
"SL400709.genes.results",0
"SL400710.genes.results",0
"SL400716.genes.results",0
"SL400718.genes.results",0
"SL400721.genes.results",0
"SL400722.genes.results",0
"SL400900.genes.results",0
"SL400901.genes.results",0
"SL400905.genes.results",1
"SL400906.genes.results",0
"SL400913.genes.results",1
"SL400922.genes.results",0
"SL400927.genes.results",0
"SL400930.genes.results",1
"SL400944.genes.results",0
"SL400946.genes.results",0
"SL400948.genes.results",0
"SL400950.genes.results",0
"SL400951.genes.results",0
"SL400953.genes.results",0
"SL400954.genes.results",0
"SL400956.genes.results",0
"SL400965.genes.results",0
"SL400966.genes.results",0
"SL400968.genes.results",0
"SL400969.genes.results",0
"SL400970.genes.results",0
"SL400971.genes.results",0
"SL400973.genes.results",0
"SL400976.genes.results",0
"SL400979.genes.results",0
"SL400996.genes.results",0
"SL400998.genes.results",0
"SL400999.genes.results",1
"SL401002.genes.results",1
"SL401016.genes.results",0
"SL401021.genes.results",1
"SL401058.genes.results",0
"SL401059.genes.results",0
"SL401061.genes.results",1
"SL403148.genes.results",0
"SL403149.genes.results",1
"SL403161.genes.results",0
"SL403164.genes.results",1
"SL403168.genes.results",0
"SL403169.genes.results",0
"SL403175.genes.results",0
"SL403176.genes.results",1
"SL403181.genes.results",1
"SL403187.genes.results",0
"SL403193.genes.results",0
"SL403195.genes.results",0
"SL403196.genes.results",0
"SL403202.genes.results",0
"SL403203.genes.results",1
"SL403211.genes.results",1
"SL403213.genes.results",0
"SL403217.genes.results",0
"SL403223.genes.results",1
"SL403224.genes.results",0
"SL403226.genes.results",0
"SL403227.genes.results",0
"SL403229.genes.results",1
"SL403230.genes.results",1
"SL404087.genes.results",0
"SL404090.genes.results",0
"SL404111.genes.results",1
"SL404135.genes.results",0
"SL404136.genes.results",0
"SL404139.genes.results",0
"SL404140.genes.results",0
"SL404141.genes.results",0
"SL404142.genes.results",0
"SL404143.genes.results",1
"SL404183.genes.results",0
"SL404191.genes.results",1
"SL404204.genes.results",0
"SL404219.genes.results",0
"SL404227.genes.results",0
"SL404264.genes.results",1
"SL404265.genes.results",0
"SL404266.genes.results",0
"SL404267.genes.results",0
"SL404268.genes.results",0
"SL404279.genes.results",1
"SL404280.genes.results",0
"SL404281.genes.results",0
"SL404282.genes.results",0
"SL404283.genes.results",0
"SL404285.genes.results",0
"SL404286.genes.results",0
"SL404287.genes.results",0
"SL404288.genes.results",0
"SL404289.genes.results",0
"SL404290.genes.results",0
"SL404291.genes.results",0
"SL404292.genes.results",0
"SL404293.genes.results",0
"SL404294.genes.results",0
"SL404295.genes.results",0
"SL404296.genes.results",1
"SL404298.genes.results",1
"SL404299.genes.results",0
"SL404306.genes.results",0
"SL404307.genes.results",0
"SL404308.genes.results",0
"SL404309.genes.results",0
"SL404310.genes.results",0
"SL404311.genes.results",1
"SL404312.genes.results",0
"SL404313.genes.results",1
"SL404314.genes.results",1
"SL404315.genes.results",1
"SL404316.genes.results",1
"SL404317.genes.results",1
"SL404318.genes.results",1
"SL404319.genes.results",0
"SL404320.genes.results",0
"SL404321.genes.results",0
"SL404322.genes.results",1
"SL404323.genes.results",0
"SL404332.genes.results",0
"SL404333.genes.results",0
"SL404334.genes.results",0
"SL404335.genes.results",1
"SL404336.genes.results",1
"SL404337.genes.results",1
"SL404338.genes.results",0
"SL404339.genes.results",0
"SL404340.genes.results",0
"SL404341.genes.results",0
"SL404343.genes.results",0
"SL404344.genes.results",1
"SL404351.genes.results",1
"SL404352.genes.results",0
"SL404353.genes.results",0
"SL404354.genes.results",0
"SL404355.genes.results",1
"SL404356.genes.results",1
"SL404357.genes.results",1
"SL404358.genes.results",0
"SL404359.genes.results",1
"SL404360.genes.results",0
"SL404361.genes.results",1
"SL404362.genes.results",1
"SL404363.genes.results",0
"SL404364.genes.results",1
"SL404365.genes.results",0
"SL404366.genes.results",1
"SL404367.genes.results",1
"SL404368.genes.results",1
"SL404369.genes.results",0
"SL404370.genes.results",0
"SL405328.genes.results",0
"SL405329.genes.results",0
"SL405330.genes.results",1
"SL405331.genes.results",0
"SL405332.genes.results",0
"SL405352.genes.results",0
"SL405376.genes.results",1
"SL405377.genes.results",1
"SL405400.genes.results",0
"SL405558.genes.results",0
"SL405636.genes.results",1
"SL406993.genes.results",0
"SL407015.genes.results",0
"SL407019.genes.results",0
"SL407020.genes.results",0
"SL407039.genes.results",0
"SL407040.genes.results",0
"SL407047.genes.results",0
"SL407061.genes.results",0
"SL407931.genes.results",1
"SL407942.genes.results",1
"SL407954.genes.results",1
"SL407955.genes.results",0
"SL407956.genes.results",1
"SL407959.genes.results",1
"SL407977.genes.results",0
"SL407979.genes.results",0
"SL407980.genes.results",1
"SL407984.genes.results",0
"SL407988.genes.results",1
"SL407989.genes.results",0
"SL407990.genes.results",0
"SL408001.genes.results",0
"SL408002.genes.results",0
"SL408006.genes.results",0
"SL408012.genes.results",0
"SL408041.genes.results",0
"SL408065.genes.results",0
"SL408082.genes.results",1
"SL408083.genes.results",0
"SL408113.genes.results",1
"SL408114.genes.results",1
"SL408118.genes.results",0
"SL408122.genes.results",0
"SL408123.genes.results",0
"SL408410.genes.results",0
"SL408425.genes.results",0
"SL408434.genes.results",0
"SL408437.genes.results",0
"SL408440.genes.results",0
"SL408445.genes.results",0
"SL408446.genes.results",0
"SL408448.genes.results",1
"SL408449.genes.results",0
"SL408450.genes.results",0
"SL408451.genes.results",1
"SL408458.genes.results",0
"SL408460.genes.results",0
"SL408462.genes.results",0
"SL408463.genes.results",0
"SL408464.genes.results",0
"SL408485.genes.results",0
"SL408486.genes.results",0
"SL408487.genes.results",1
"SL408488.genes.results",0
"SL408502.genes.results",0
"SL408503.genes.results",1
"SL408527.genes.results",0
"SL408529.genes.results",0
"SL408538.genes.results",0
"SL408552.genes.results",0
"SL409242.genes.results",0
"SL409266.genes.results",1
"SL409267.genes.results",0
"SL409268.genes.results",0
"SL409271.genes.results",1
"SL409272.genes.results",0
"SL409274.genes.results",1
"SL409290.genes.results",1
"SL409291.genes.results",0
"SL409292.genes.results",0
"SL409293.genes.results",1
"SL409294.genes.results",0
"SL409306.genes.results",1
"SL409307.genes.results",0
"SL409308.genes.results",1
"SL409987.genes.results",0
"SL410392.genes.results",0
"SL410396.genes.results",0
"SL410397.genes.results",0
"SL410398.genes.results",0
"SL410401.genes.results",0
"SL410404.genes.results",0
"SL410416.genes.results",0
"SL410421.genes.results",0
"SL410441.genes.results",0
"SL410445.genes.results",0
"SL410446.genes.results",0
"SL410450.genes.results",0
"SL410456.genes.results",0
"SL410464.genes.results",0
"SL410466.genes.results",0
"SL410467.genes.results",0
"SL410771.genes.results",0
"SL411399.genes.results",0
"SL411402.genes.results",0
"SL411676.genes.results",0
"SL411677.genes.results",0
"SL411685.genes.results",0
"SL411688.genes.results",0
"SL411690.genes.results",0
"SL411695.genes.results",0
"SL411696.genes.results",0
"SL411697.genes.results",0
"SL411698.genes.results",0
"SL411699.genes.results",0
"SL411725.genes.results",0
"SL411736.genes.results",0
"SL411742.genes.results",0
"SL411745.genes.results",1
"SL411749.genes.results",1
"SL412198.genes.results",1
"SL412200.genes.results",1
"SL412253.genes.results",0
"SL412255.genes.results",1
"SL412256.genes.results",1
"SL413979.genes.results",0
"SL414002.genes.results",1
"SL414003.genes.results",0
"SL414005.genes.results",0
"SL414006.genes.results",0
"SL414007.genes.results",0
"SL414030.genes.results",1
"SL414034.genes.results",0
"SL414050.genes.results",0
"SL414051.genes.results",1
"SL414284.genes.results",0
"SL414307.genes.results",1
"SL414309.genes.results",0
"SL414310.genes.results",0
"SL414311.genes.results",0
"SL414312.genes.results",0
"SL414333.genes.results",1
"SL414334.genes.results",0
"SL414335.genes.results",1
"SL414336.genes.results",1
"SL414337.genes.results",0
"SL414347.genes.results",1
"SL414358.genes.results",1
"SL414859.genes.results",1
"SL414875.genes.results",0
"SL414919.genes.results",0
"SL416386.genes.results",1
"SL416388.genes.results",0
"SL416389.genes.results",1
"SL416407.genes.results",0
"SL416417.genes.results",1
"SL416431.genes.results",0
"SL416465.genes.results",0
"SL416479.genes.results",0
"SL416480.genes.results",0
"SL416485.genes.results",0
"SL416487.genes.results",0
"SL416492.genes.results",1
"SL416494.genes.results",1
"SL416495.genes.results",0
"SL416502.genes.results",0
"SL416504.genes.results",0
"SL416506.genes.results",0
"SL417073.genes.results",1
"SL417074.genes.results",0
"SL417147.genes.results",0
"SL417611.genes.results",0
"SL417634.genes.results",0
"SL418291.genes.results",1
"SL418292.genes.results",1
"SL418293.genes.results",0
"SL418295.genes.results",1
"SL418296.genes.results",1
"SL418297.genes.results",1
"SL418314.genes.results",0
"SL418319.genes.results",0
"SL418321.genes.results",0
"SL418323.genes.results",0
"SL418324.genes.results",1
"SL418336.genes.results",0
"SL418337.genes.results",0
"SL418340.genes.results",1
"SL418341.genes.results",1
"SL418342.genes.results",1
"SL418347.genes.results",1
"SL418359.genes.results",0
"SL418360.genes.results",0
"SL418361.genes.results",0
"SL418364.genes.results",0
"SL418367.genes.results",0
"SL418378.genes.results",0
"SL418385.genes.results",0
"SL418626.genes.results",1
"SL418645.genes.results",0
"SL418656.genes.results",0
"SL418658.genes.results",0
"SL418659.genes.results",1
"SL418662.genes.results",0
"SL418667.genes.results",0
"SL418668.genes.results",0
"SL418679.genes.results",1
"SL418681.genes.results",0
"SL418695.genes.results",1
"SL418696.genes.results",1
"SL418697.genes.results",0
"SL418700.genes.results",0
"SL418836.genes.results",0
"SL418860.genes.results",1
"SL418861.genes.results",1
"SL418864.genes.results",0
"SL418865.genes.results",0
"SL418873.genes.results",0
"SL418884.genes.results",0
"SL418895.genes.results",0
"SL420205.genes.results",0
"SL420206.genes.results",0
"SL420207.genes.results",0
"SL420228.genes.results",0
"SL420229.genes.results",0
"SL420230.genes.results",0
"SL420231.genes.results",0
"SL420232.genes.results",0
"SL420233.genes.results",0
"SL420234.genes.results",0
"SL420255.genes.results",0
"SL420256.genes.results",0
"SL420533.genes.results",1
"SL420535.genes.results",0
"SL420677.genes.results",0
"SL420678.genes.results",0
"SL420679.genes.results",0
"SL420680.genes.results",0
"SL420681.genes.results",0
"SL420682.genes.results",0
"SL420713.genes.results",1
"SL420727.genes.results",0
"SL420729.genes.results",1
"SL420730.genes.results",1
"SL420748.genes.results",1
"SL420749.genes.results",1
"SL420750.genes.results",0
"SL420751.genes.results",1
"SL420752.genes.results",0
"SL420753.genes.results",1
"SL420755.genes.results",1
"SL421534.genes.results",0
"SL421535.genes.results",0
"SL421536.genes.results",0
"SL421537.genes.results",0
"SL421538.genes.results",0
"SL421604.genes.results",1
"SL422099.genes.results",0
"SL422100.genes.results",0
"SL422123.genes.results",0
"SL422124.genes.results",0
"SL422126.genes.results",0
"SL422127.genes.results",0
"SL422146.genes.results",1
"SL422147.genes.results",0
"SL422157.genes.results",0
"SL422158.genes.results",0
"SL422159.genes.results",1
"SL422170.genes.results",0
"SL422175.genes.results",1
"SL422181.genes.results",0
"SL422182.genes.results",0
"SL422183.genes.results",0
"SL422279.genes.results",0
"SL422280.genes.results",0
"SL422281.genes.results",0
"SL422282.genes.results",0
"SL422283.genes.results",0
"SL422284.genes.results",0
"SL422292.genes.results",0
"SL422293.genes.results",0
"SL422302.genes.results",0
"SL422305.genes.results",0
"SL422354.genes.results",0
"SL422355.genes.results",1
"SL422356.genes.results",0
"SL422359.genes.results",1
"SL422361.genes.results",1
"SL422363.genes.results",0
"SL422364.genes.results",0
"SL423778.genes.results",1
"SL423779.genes.results",0
"SL423781.genes.results",1
"SL423782.genes.results",0
"SL423789.genes.results",1
"SL423790.genes.results",0
"SL423791.genes.results",0
"SL423792.genes.results",0
"SL423814.genes.results",0
"SL423815.genes.results",1
"SL423816.genes.results",1
"SL423817.genes.results",0
"SL423818.genes.results",1
"SL423824.genes.results",1
"SL423840.genes.results",0
"SL423841.genes.results",0
"SL423843.genes.results",0
"SL423844.genes.results",1
"SL424179.genes.results",0
"SL424180.genes.results",0
"SL424181.genes.results",0
"SL424182.genes.results",0
"SL424183.genes.results",0
"SL424184.genes.results",0
"SL424185.genes.results",0
"SL424202.genes.results",1
"SL424203.genes.results",0
"SL424204.genes.results",1
"SL424205.genes.results",0
"SL424206.genes.results",0
"SL424207.genes.results",0
"SL424208.genes.results",0
"SL424226.genes.results",1
"SL424227.genes.results",0
"SL424228.genes.results",0
"SL424229.genes.results",0
"SL424230.genes.results",0
"SL424231.genes.results",0
"SL425833.genes.results",0
"SL425853.genes.results",0
"SL425854.genes.results",0
"SL425855.genes.results",0
"SL425857.genes.results",0
"SL425858.genes.results",0
"SL425869.genes.results",1
"SL425870.genes.results",0
"SL425871.genes.results",0
"SL425890.genes.results",0
"SL425891.genes.results",0
"SL425892.genes.results",0
"SL425893.genes.results",0
"SL425894.genes.results",0
"SL425895.genes.results",0
"SL425910.genes.results",0
"SL425911.genes.results",0
"SL425912.genes.results",0
"SL425913.genes.results",0
"SL425914.genes.results",0
"SL425915.genes.results",0
"SL425916.genes.results",0
"SL425917.genes.results",0
"SL425919.genes.results",1
"SL426713.genes.results",0
"SL426714.genes.results",0
"SL426715.genes.results",0
"SL426716.genes.results",0
"SL426737.genes.results",0
"SL426738.genes.results",0
"SL426739.genes.results",0
"SL426740.genes.results",0
"SL426741.genes.results",1
"SL426756.genes.results",0
"SL426759.genes.results",0
"SL426761.genes.results",0
"SL426764.genes.results",1
"SL426786.genes.results",0
"SL426787.genes.results",0
"SL426788.genes.results",0
"SL426789.genes.results",0
"SL426790.genes.results",0
"SL426791.genes.results",0
"SL426792.genes.results",0
"SL427072.genes.results",0
"SL427084.genes.results",0
"SL427085.genes.results",0
"SL427086.genes.results",0
"SL427108.genes.results",0
"SL427109.genes.results",0
"SL427110.genes.results",0
"SL427113.genes.results",0
"SL427134.genes.results",0
"SL428803.genes.results",0
"SL428804.genes.results",0
"SL428826.genes.results",0
"SL428896.genes.results",0
"SL429913.genes.results",0
"SL429914.genes.results",1
"SL429919.genes.results",0
"SL429920.genes.results",0
"SL429921.genes.results",0
"SL429922.genes.results",0
"SL429935.genes.results",1
"SL429936.genes.results",0
"SL429937.genes.results",0
"SL429938.genes.results",1
"SL429939.genes.results",0
"SL429940.genes.results",0
"SL429941.genes.results",0
"SL429942.genes.results",0
"SL429943.genes.results",0
"SL429944.genes.results",0
"SL429945.genes.results",0
"SL429946.genes.results",0
"SL429968.genes.results",0
"SL429969.genes.results",1
"SL429970.genes.results",0
"SL430062.genes.results",0
"SL430066.genes.results",0
"SL430081.genes.results",0
"SL430082.genes.results",0
"SL430083.genes.results",0
"SL430084.genes.results",0
"SL430085.genes.results",0
"SL430090.genes.results",0
"SL430111.genes.results",0
"SL430127.genes.results",0
"SL430128.genes.results",0
"SL430129.genes.results",0
"SL430134.genes.results",0
"SL430147.genes.results",0
"SL430148.genes.results",0
"SL430149.genes.results",0
"SL430150.genes.results",0
"SL430470.genes.results",0
"SL430491.genes.results",0
"SL430493.genes.results",0
"SL431125.genes.results",1
"SL431132.genes.results",0
"SL431145.genes.results",0
"SL432505.genes.results",0
"SL432506.genes.results",0
"SL432511.genes.results",0
"SL432516.genes.results",0
"SL432528.genes.results",0
"SL432557.genes.results",0
"SL432564.genes.results",0
"SL462153.genes.results",0
